[{"url": "6z4KK7RWjmk", "genes": [0, 1, 0, 0, 0, 1, 0, 0, 0, 0], "title": "Beethoven, Symphony 5, movement I"},
 {"url": "VbxgYlcNxE8", "genes": [0, 1, 0, 0, 0, 1, 0, 0, 0, 0], "title": "Tchaikovsky, 1812 overture"},
 {"url": "rHuGktVssdc", "genes": [0, 1, 0, 0, 0, 1, 0, 0, 0, 0], "title": "Beethoven, Symphony 9, movement IV(Ode to Joy)"},
 {"url": "IVJD3dL4diY", "genes": [0, 1, 0, 0, 0, 1, 0, 0, 0, 0], "title": "Bach, Toccata and Fugue in D minor"},
 {"url": "GXFSK0ogeg4", "genes": [0, 1, 0, 0, 0, 1, 0, 0, 0, 0], "title": "Orff, Carmina Burana \u2013 O Fortuna"},
 {"url": "_CTYymbbEL4", "genes": [0, 1, 0, 0, 0, 1, 0, 0, 0, 0], "title": "Strauss, Blue Danube Waltz"},
 {"url": "_jBLyIQvNf0", "genes": [0, 1, 0, 0, 0, 1, 0, 0, 0, 0], "title": "Verdi, Requiem \u2013 Dies Irae"},
 {"url": "IFPwm0e_K98", "genes": [0, 1, 0, 0, 0, 1, 0, 0, 0, 0], "title": "Strauss, Also Sprach Zarathustra"},
 {"url": "hRmFAP9EvVY", "genes": [0, 1, 0, 0, 0, 1, 0, 0, 0, 0], "title": "Offenbach, Orpheus in the Underworld \u2013 Infernal Galop"},
 {"url": "mgHxmAsINDk", "genes": [0, 1, 0, 0, 0, 1, 0, 0, 0, 0], "title": "Beethoven, 7.th Symphony \u2013 movement II"},
 {"url": "PvezjDat48U", "genes": [0, 1, 0, 0, 0, 0, 0, 0, 0, 1], "title": "Aerosmith - Sweet Emotion"},
 {"url": "ZDwotNLyz10", "genes": [0, 1, 0, 0, 0, 0, 0, 0, 0, 1], "title": "Led Zepplin - Kashmir"},
 {"url": "n_a0zOLMAfw", "genes": [0, 1, 0, 0, 0, 0, 0, 0, 0, 1], "title": "Rolling Stones - Gimme Shelter"},
 {"url": "pAgnJDJN4VA", "genes": [0, 1, 0, 0, 0, 0, 0, 0, 0, 1], "title": "AC/DC - Back In Black"},
 {"url": "7QU1nvuxaMA", "genes": [0, 1, 0, 0, 0, 0, 0, 0, 0, 1], "title": "Like a Stone - Audioslave"},
 {"url": "YlUKcNNmywk", "genes": [0, 1, 0, 0, 0, 0, 0, 0, 0, 1], "title": "Californication - Red Hot Chili Peppers"},
 {"url": "fJ9rUzIMcZQ", "genes": [0, 1, 0, 0, 0, 0, 0, 0, 0, 1], "title": "Queen - Bohemian Rhapsody"},
 {"url": "KCy7lLQwToI", "genes": [0, 1, 0, 0, 0, 0, 0, 0, 0, 1], "title": "Journey - Don't Stop Believin"},
 {"url": "_FrOQC-zEog", "genes": [0, 1, 0, 0, 0, 0, 0, 0, 0, 1], "title": "Pink Floyd - Comfortably Numb"},
 {"url": "1w7OgIMMRc4", "genes": [0, 1, 0, 0, 0, 0, 0, 0, 0, 1], "title": "Guns N Roses - Sweet Child O Mine"},
 {"url": "n3R_Bi6xIdo", "genes": [0, 0, 0, 0, 1, 0, 0, 0, 0, 0], "title": "Dead Eye - Middle Class Rut"},
 {"url": "noZu0X-KMnA", "genes": [0, 0, 0, 0, 1, 0, 0, 0, 0, 0], "title": "The Zolas - Knot in my Heart"},
 {"url": "w8l-9nuXkDo", "genes": [0, 0, 0, 0, 1, 0, 0, 0, 0, 0], "title": "Techno Fan - Wombats"},
 {"url": "DwHzPlaILVc", "genes": [0, 0, 0, 0, 1, 0, 0, 0, 0, 0], "title": "North Star - The Rural Alberta Advantage"},
 {"url": "SnmzqnJtNb4", "genes": [0, 0, 0, 0, 1, 0, 0, 0, 0, 0], "title": "Perfect World - Broken Bells"},
 {"url": "bcLktOIwDPM", "genes": [0, 0, 0, 0, 1, 0, 0, 0, 0, 0], "title": "Hollow Tune - Brick + Mortar"},
 {"url": "fzd6MSh9u_w", "genes": [0, 0, 0, 0, 1, 0, 0, 0, 0, 0], "title": "Skeleton Key - Margot & The Nuclear So So's"},
 {"url": "jMMkP_ofpXg", "genes": [0, 0, 0, 0, 1, 0, 0, 0, 0, 0], "title": "Gold Lion - Yeah Yeah Yeahs"},
 {"url": "KSw6CVvhRck", "genes": [0, 0, 0, 0, 1, 0, 0, 0, 0, 0], "title": "Shake, Shake, Shake - Bronze Radio Return"},
 {"url": "cNdqoQWz34E", "genes": [0, 0, 0, 0, 1, 0, 0, 0, 0, 0], "title": "Suburban War - Arcade Fire"},
 {"url": "S6uR1rZjKkM", "genes": [0, 0, 1, 0, 0, 0, 0, 0, 0, 0], "title": "David Allan Coe - The Ride"},
 {"url": "JGWm6mkqmRo", "genes": [0, 0, 1, 0, 0, 0, 0, 0, 0, 0], "title": "Conway Twitty - Hello Darlin'"},
 {"url": "O3iEFfA4TmI", "genes": [0, 0, 1, 0, 0, 0, 0, 0, 0, 0], "title": "Charlie Rich - Behind Closed Doors"},
 {"url": "wtVeDaZxAXo", "genes": [0, 0, 1, 0, 0, 0, 0, 0, 0, 0], "title": "George Strait - Amarillo By Morning"},
 {"url": "IgWKSdkW1A0", "genes": [0, 0, 1, 0, 0, 0, 0, 0, 0, 0], "title": "Tammy Wynette - Stand By Your Man"},
 {"url": "cS4LCoh0VGQ", "genes": [0, 0, 1, 0, 0, 0, 0, 0, 0, 0], "title": "Hank Williams - Your Cheatin Heart"},
 {"url": "Lq0fUa0vW_E", "genes": [0, 0, 1, 0, 0, 0, 0, 0, 0, 0], "title": "Johnny Cash - I Walk The Line"},
 {"url": "6QEDb3xzdec", "genes": [0, 0, 1, 0, 0, 0, 0, 0, 0, 0], "title": "Patsy Cline - Crazy"},
 {"url": "ubKUP8c0FHE", "genes": [0, 0, 1, 0, 0, 0, 0, 0, 0, 0], "title": "George Jones - He Stopped Loving Her Today"},
 {"url": "mvCgSqPZ4EM", "genes": [0, 0, 1, 0, 0, 0, 0, 0, 0, 0], "title": "Garth Brooks - Friends In Low Places"},
 {"url": "6Un9HLDCTCs", "genes": [0, 0, 0, 0, 0, 0, 0, 0, 1, 0], "title": "Lose Yourself - Eminem"},
 {"url": "Jv94SkcJAm4", "genes": [0, 0, 0, 0, 0, 0, 0, 0, 1, 0], "title": "Two Wheels - Wax"},
 {"url": "v9T04PpCYK4", "genes": [0, 0, 0, 0, 0, 0, 0, 0, 1, 0], "title": "Breath of Air - Grieves"},
 {"url": "rEaPDNgUPLE", "genes": [0, 0, 0, 0, 0, 0, 0, 0, 1, 0], "title": "Party And Bullshit - Ratatat & The Notorious B.I.G"},
 {"url": "BONgL61snlM", "genes": [0, 0, 0, 0, 0, 0, 0, 0, 1, 0], "title": "Pete Rock & C.L. Smooth - \"They Reminisce Over You (T.R.O.Y.)\""},
 {"url": "Mb1ZvUDvLDY", "genes": [0, 0, 0, 0, 0, 0, 0, 0, 1, 0], "title": "2Pac - \"Dear Mama\""},
 {"url": "8CPlF-IEkXQ", "genes": [0, 0, 0, 0, 0, 0, 0, 0, 1, 0], "title": "Ice Cube - \"It Was A Good Day\""},
 {"url": "rKTUAESacQM", "genes": [0, 0, 0, 0, 0, 0, 0, 0, 1, 0], "title": "Sugar Hill Gang - \"Rapper's Delight\""},
 {"url": "1plPyJdXKIY", "genes": [0, 0, 0, 0, 0, 0, 0, 0, 1, 0], "title": "Warren G & Nate Dogg - \"Regulate\""},
 {"url": "gF3EcrRXO50", "genes": [0, 0, 0, 0, 0, 0, 0, 0, 1, 0], "title": "Dutch - Dessa"},
 {"url": "e-ORhEE9VVg", "genes": [0, 0, 0, 0, 0, 0, 0, 1, 0, 0], "title": "Blank Space - Taylor Swift"},
 {"url": "QK8mJJJvaes", "genes": [0, 0, 0, 0, 0, 0, 0, 1, 0, 0], "title": "Thrift Shop - Macklemore"},
 {"url": "mDyxykpYeu8", "genes": [0, 0, 0, 0, 0, 0, 0, 1, 0, 0], "title": "House of Gold - Twenty One Pilots"},
 {"url": "ghb6eDopW8I", "genes": [0, 0, 0, 0, 0, 0, 0, 1, 0, 0], "title": "Little Talks - Of Monsters and Men"},
 {"url": "LqI78S14Wgg", "genes": [0, 0, 0, 0, 0, 0, 0, 1, 0, 0], "title": "Demons - Imagine Dragons"},
 {"url": "LPgvNlrBfb0", "genes": [0, 0, 0, 0, 0, 0, 0, 1, 0, 0], "title": "Want U Back - Cher Lloyd"},
 {"url": "Mq9zhpBweDk", "genes": [0, 0, 0, 0, 0, 0, 0, 1, 0, 0], "title": "Madness - Muse"},
 {"url": "nzV1st_Ekrc", "genes": [0, 0, 0, 0, 0, 0, 0, 1, 0, 0], "title": "Body Electric - Lana Del Ray"},
 {"url": "fqHNzlms-ok", "genes": [0, 0, 0, 0, 0, 0, 0, 1, 0, 0], "title": "Til Kingdom Come - Coldplay"},
 {"url": "AQFWAXNQzAA", "genes": [0, 0, 0, 0, 0, 0, 0, 1, 0, 0], "title": "Paper Planes - Street Sweeper Social Club"},
 {"url": "_dQLWXAM3Ew", "genes": [0, 0, 0, 0, 1, 0, 0, 1, 0, 0], "title": "Jerome - Zella Day"},
 {"url": "I3lehql_iMQ", "genes": [0, 0, 0, 0, 1, 0, 0, 1, 0, 0], "title": "Pressure - Until the Ribbon Breaks"},
 {"url": "oiKj0Z_Xnjc", "genes": [0, 0, 0, 0, 1, 0, 0, 1, 0, 0], "title": "Papaoutai - Stromae"},
 {"url": "f8JhkiWR114", "genes": [0, 0, 0, 0, 1, 0, 0, 1, 0, 0], "title": "Sordid Affair - Royksopp"},
 {"url": "5GyjC4C5puw", "genes": [0, 0, 0, 0, 1, 0, 0, 1, 0, 0], "title": "The Last High - The Dandy Warhols"},
 {"url": "67aDk4DaFHg", "genes": [0, 0, 0, 0, 1, 0, 0, 1, 0, 0], "title": "Fall Into You - Night Terrors of 1927"},
 {"url": "5QsgIo71DaY", "genes": [0, 0, 0, 0, 1, 0, 0, 1, 0, 0], "title": "Bravado - Lorde"},
 {"url": "0e2JwQMs13g", "genes": [0, 0, 0, 0, 1, 0, 0, 1, 0, 0], "title": "Back To Life - 3OH!3"},
 {"url": "-5s1q7SVs6U", "genes": [0, 0, 0, 0, 1, 0, 0, 1, 0, 0], "title": "Paris - Magic Man"},
 {"url": "zvCBSSwgtg4", "genes": [0, 0, 0, 0, 1, 0, 0, 1, 0, 0], "title": "Ho Hey - The Lumineers"},
 {"url": "vmDDOFXSgAs", "genes": [0, 0, 0, 0, 0, 0, 1, 0, 0, 0], "title": "Take Five Dave - Brubeck"},
 {"url": "ylXk1LBvIqU", "genes": [0, 0, 0, 0, 0, 0, 1, 0, 0, 0], "title": "So What - Miles Davis"},
 {"url": "dthGrehkuEk", "genes": [0, 0, 0, 0, 0, 0, 1, 0, 0, 0], "title": "Take The A Train - Duke Ellington"},
 {"url": "IKayR1oqC7w", "genes": [0, 0, 0, 0, 0, 0, 1, 0, 0, 0], "title": "Round Midnight - Thelonious Monk"},
 {"url": "qWG2dsXV5HI", "genes": [0, 0, 0, 0, 0, 0, 1, 0, 0, 0], "title": "My Favorite Things - John Coltrane"},
 {"url": "ayhjjNke1tk", "genes": [0, 0, 0, 0, 0, 0, 1, 0, 0, 0], "title": "Embraceable You - Billie Holiday"},
 {"url": "-488UORrfJ0", "genes": [0, 0, 0, 0, 0, 0, 1, 0, 0, 0], "title": "All Blues - Miles Davis"},
 {"url": "Ae0nwSv6cTU", "genes": [0, 0, 0, 0, 0, 0, 1, 0, 0, 0], "title": "Birdland - Weather Report"},
 {"url": "c5QfXjsoNe4", "genes": [0, 0, 0, 0, 0, 0, 1, 0, 0, 0], "title": "The Girl From Ipanema - Stan Getz & Astrud Gilberto"},
 {"url": "fhyhP_5VfKM", "genes": [0, 0, 0, 0, 0, 0, 1, 0, 0, 0], "title": "Sing, Sing, Sing - Benny Goodman"},
 {"url": "fQ4NFsw4bOU", "genes": [1, 0, 0, 0, 0, 0, 0, 0, 0, 0], "title": "Hoochie Coochie - Man Muddy Waters"},
 {"url": "VAPDJheC0Jk", "genes": [1, 0, 0, 0, 0, 0, 0, 0, 0, 0], "title": " Stormy Monday (Call It Stormy Monday) - T-Bone Walker"},
 {"url": "G1FxRpo62Mk", "genes": [1, 0, 0, 0, 0, 0, 0, 0, 0, 0], "title": " Paying the Cost to Be the Boss - B.B. King"},
 {"url": "YYsnRc09csQ", "genes": [1, 0, 0, 0, 0, 0, 0, 0, 0, 0], "title": " Me And The Devil Blues - Robert Johnson"},
 {"url": "AryCp5b-j0M", "genes": [1, 0, 0, 0, 0, 0, 0, 0, 0, 0], "title": " Whisky And Wimmen - John Lee Hooker"},
 {"url": "WjtxZuvZ7oE", "genes": [1, 0, 0, 0, 0, 0, 0, 0, 0, 0], "title": " I\u2019m tore down - Freddie King"},
 {"url": "3hjqqa5tq5k", "genes": [1, 0, 0, 0, 0, 0, 0, 0, 0, 0], "title": "Damn Right I\u2019ve Got The Blues - Buddy Guy"},
 {"url": "CwB40qTfuvI", "genes": [1, 0, 0, 0, 0, 0, 0, 0, 0, 0], "title": "Mustang Sally - Wilson Pickett"},
 {"url": "An4uDegHB8s", "genes": [1, 0, 0, 0, 0, 0, 0, 0, 0, 0], "title": "Little Wing - Stevie Ray Vaughan"},
 {"url": "83Ep9CTzQmQ", "genes": [1, 0, 0, 0, 0, 0, 0, 0, 0, 0], "title": "Give Me Back My Wig - Hound Dog Taylor"},
 {"url": "84TYi3FOMlU", "genes": [0, 0, 0, 1, 0, 0, 0, 0, 0, 0], "title": "Deadmau5 - Strobe"},
 {"url": "GDpmVUEjagg", "genes": [0, 0, 0, 1, 0, 0, 0, 0, 0, 0], "title": "Daft Punk - Harder, Better, Faster, Stronger"},
 {"url": "iw4oRym4HSM", "genes": [0, 0, 0, 1, 0, 0, 0, 0, 0, 0], "title": "Avicii - Levels"},
 {"url": "wEp9MCQlAa4", "genes": [0, 0, 0, 1, 0, 0, 0, 0, 0, 0], "title": "Zedd - Spectrum"},
 {"url": "-j9GmizjzCY", "genes": [0, 0, 0, 1, 0, 0, 0, 0, 0, 0], "title": "Bassnectar - Dubuasca"},
 {"url": "WSeNSzJ2-Jw", "genes": [0, 0, 0, 1, 0, 0, 0, 0, 0, 0], "title": "Scrillex - Scary Monsters and Nice Sprites"},
 {"url": "9G1I16gJBvU", "genes": [0, 0, 0, 1, 0, 0, 0, 0, 0, 0], "title": "Ingrosso & Alesso - Calling (Lose My Mind)"},
 {"url": "x1rFAaAKpVc", "genes": [0, 0, 0, 1, 0, 0, 0, 0, 0, 0], "title": "Moby - We Are All Made Of Stars"},
 {"url": "DuFUtL8zUAk", "genes": [0, 0, 0, 1, 0, 0, 0, 0, 0, 0], "title": "Martin Garrix - Animals"},
 {"url": "gkwpXipZUoE", "genes": [0, 0, 0, 1, 0, 0, 0, 0, 0, 0], "title": "Pendulum - Blood Sugar"}]
